prefill_chunk,n_decode,wall_us,kernel_us,overhead_us,n_samples,pc_actual_median
0,4,16902.2,16981.0,-78.8,192,0
0,8,17453.3,17110.4,342.9,192,0
0,12,18610.7,18554.6,56.2,192,0
0,16,34325.3,34549.8,-224.5,192,0
4096,4,234874.0,241890.0,-7016.1,160,4096
4096,8,233802.1,239281.9,-5479.7,160,4096
4096,12,234911.4,241822.6,-6911.2,160,4096
4096,16,267259.7,268923.7,-1664.0,160,4096
8192,4,459185.0,459046.3,138.7,158,8192
8192,8,458443.6,458093.6,350.0,158,8192
8192,12,457679.2,461275.8,-3596.7,158,8192
8192,16,495399.5,489105.0,6294.6,158,8192
16384,4,893490.5,843789.5,49701.0,119,16384
16384,8,894859.0,841045.7,53813.4,119,16384
16384,12,897138.3,847940.2,49198.1,119,16384
16384,16,933782.5,871285.9,62496.6,119,16384
