tokens,activated_experts,time_us
1,2,227.862
2,2,251.03
2,4,454.487
4,2,251.413
4,4,456.683
4,8,864.418
8,2,251.606
8,4,455.734
8,8,864.066
8,16,1684.02
16,2,253.28
16,4,458.06
16,8,867.822
16,16,1687.61
32,2,281.035
32,4,441.494
32,8,851.713
32,16,1672.13
64,2,253.963
64,4,463.531
64,8,865.267
64,16,1685.05
128,2,322.443
128,4,508.171
128,8,920.151
128,16,1724.42
256,2,395.393
256,4,578.219
256,8,954.071
256,16,1752.73
512,2,666.092
512,4,719.466
512,8,1156.1
512,16,1799.8
1024,2,1129.25
1024,4,1175.02
1024,8,1353.57
1024,16,1896.92
2048,2,2180.74
2048,4,2232.21
2048,8,2333.85
2048,16,2727.96
4096,2,3969.69
4096,4,4033.01
4096,8,4089.99
4096,16,3981.5
8192,2,7645.32
8192,4,7612.45
8192,8,7612.11
8192,16,7626.7
16384,2,15308.2
16384,4,15309.1
16384,8,15304.9
16384,16,15305.5
