layer,sequences,time_us
lm_head,1,310.21275
lm_head,10,304.4495
lm_head,11,305.51475
lm_head,112,368.471
lm_head,12,305.34475
lm_head,128,367.68125
lm_head,13,305.427
lm_head,14,306.03875
lm_head,15,306.223
lm_head,16,306.51375
lm_head,2,308.96950000000004
lm_head,20,316.4745
lm_head,24,317.20175
lm_head,28,317.984
lm_head,3,309.6415
lm_head,32,318.61775
lm_head,36,356.163
lm_head,4,310.192
lm_head,40,356.87350000000004
lm_head,44,357.788
lm_head,48,358.50225
lm_head,5,302.99075
lm_head,52,358.419
lm_head,56,358.77675
lm_head,6,302.85850000000005
lm_head,60,358.50225
lm_head,64,360.21175
lm_head,7,303.71525
lm_head,8,304.8975
lm_head,80,364.0125
lm_head,9,304.67025
lm_head,96,364.7405
sampler,1,37.663174999999995
sampler,10,39.898275
sampler,11,40.13525
sampler,112,78.168125
sampler,12,40.30315
sampler,128,88.653475
sampler,13,40.69995
sampler,14,40.7729
sampler,15,40.9338
sampler,16,41.042225
sampler,2,37.580025
sampler,20,42.90085
sampler,24,43.84805
sampler,28,45.004225
sampler,3,37.520125
sampler,32,46.351175
sampler,36,46.552575
sampler,4,37.730375
sampler,40,47.71445
sampler,44,48.933499999999995
sampler,48,50.0023
sampler,5,37.700625
sampler,52,51.248275
sampler,56,52.342475
sampler,6,37.722975000000005
sampler,60,53.768525
sampler,64,54.882575
sampler,7,37.860675
sampler,8,37.95105
sampler,80,59.6759
sampler,9,38.0065
sampler,96,66.916775
